Hours_Worked,Temperature_C,Hydration_Liters,Sleep_Hours,Stamina_Score
4.49448142616835,24.62832322096549,1.3085284186795298,8.036217965253389,100.0
11.408571676918994,33.54752368445895,1.234893995359999,8.780088383148234,92.22492216961213
8.783927301736862,41.82364589691021,4.531272902605183,5.502807392754994,100.0
7.183901810364439,38.305622160239025,1.2477309992475305,7.749244597641994,100.0
1.8722236853092382,40.16402869653624,1.359748630643155,7.430475898862492,100.0
1.8719342440344318,36.469584167767934,3.7969913120898187,8.996982260729627,100.0
0.6970033460183935,37.306914112946316,2.2486992122527,9.436522362887564,100.0
10.394113749299223,41.22989128913298,3.883552784775906,4.072940628864321,82.24062692269297
7.213380140918506,26.241700221479647,0.3268307878219262,8.044119514352756,100.0
8.496870933552547,32.23562409107851,2.4378559683669216,4.311014794718374,97.00392234802051
0.24701393154962936,25.530236045490057,0.16806800091641316,7.2931519904641355,100.0
11.638918225943932,44.69170019991617,0.3132660172767726,5.725796374262069,51.79551607470544
9.98931168960506,43.60148349216533,4.532187266722055,5.840659597132847,100.0
2.548069328139314,20.98567028421265,0.6962268555879758,6.11775102071414,100.0
2.1818996064852074,37.63937931289221,2.6621034113760853,7.72775469429766,100.0
2.200854118241206,43.13120793539164,2.055478013003533,6.004299794012615,100.0
3.6509069155144527,24.51438362818334,1.7367166312942133,8.396194303541682,100.0
6.297077179586854,34.198630763815736,4.499166728436363,6.427164313443218,100.0
5.18334022370539,42.887207439701044,0.1091169838774475,4.410119201859752,72.00393133676687
3.494749682376503,20.84864946464497,3.3189484308779456,8.702559054904643,100.0
7.342234736668553,37.435506681171,4.816972171067752,5.714549947556236,100.0
1.673926327824502,27.43372518431377,2.80084091730921,6.596601277595576,100.0
3.505735782422618,43.10990488441326,4.684112310165459,8.112663299331409,100.0
4.3963421195243,44.27645612913419,0.26128939643011884,5.994736942892272,93.93912468167655
5.472839810604431,43.60666222783585,2.093966595370807,4.3395139368802935,91.14802521459968
9.422111536716162,31.855355416436595,1.3007889548102558,6.243526282076882,88.60566173683178
2.396085385900317,41.55106627473283,3.6541048249036487,9.666691496165821,100.0
6.170813260963339,41.11373496337676,4.906485452486233,7.850406383791349,100.0
7.108974826344509,27.97751183108139,1.282650312221239,8.028874892003241,100.0
0.5574049526399727,40.72288685376694,3.2708730073703722,7.793692921825839,100.0
7.29053822281726,20.925190867887316,0.9904881637987006,5.1939528337566205,100.0
2.0462894842474983,34.90674696205133,2.8266512728580495,6.510003184613681,100.0
0.7806191158233542,25.750220932192576,2.319662433441681,8.505638790179908,100.0
11.38662644704,23.01417214443197,4.860026648157685,4.608237385318954,100.0
11.587584396894712,21.92383004073023,3.042636363482333,5.667116656538274,100.0
9.700768177397533,37.407219396953494,1.747531860434094,5.657914650795122,81.7656231897069
3.6553652300804482,28.49687409420165,0.5704789244396669,6.592113565567036,100.0
1.1720653680766064,38.11916928821904,0.7562341436746728,9.88221244565311,100.0
8.210796318145883,21.63390851997356,1.1265846497561753,4.405015280102932,95.80050145165366
5.281829924875216,27.88225844576526,1.25483330670149,7.11220596628357,100.0
1.464458818137346,33.48728230938343,4.253080289205689,5.076188092073263,100.0
5.942122921335242,39.76807912097409,2.8061139414126246,9.824059272458465,100.0
0.41266225338262075,27.968812573301747,2.616954556871832,4.679821028364785,100.0
10.911844824945385,35.647284410925224,0.5738443593460874,6.421606014169548,74.76718944957732
3.105359779200203,42.14944370590467,4.300698466747175,8.427309909007636,100.0
7.950267412247784,35.39657970455762,3.6140715160424186,8.22732656816467,100.0
3.7405329130729315,25.823986868840844,0.3383418095000079,6.536371821363593,100.0
6.24081625413373,20.610019538913452,3.539175486148843,6.07914500771631,100.0
6.560523352119356,41.752471847523246,2.7176910867132302,6.385674271317224,100.0
2.2182534663063245,20.531735271259677,0.4086267287338913,5.585657578951835,100.0
11.635015533174702,41.867541817104986,2.291503207643282,5.231997632240799,78.53439369663364
9.301593880333375,33.2234283506803,2.4234814356502348,6.89823818535334,100.0
11.273987298770269,43.476692462822406,0.8288727008163788,5.611202536405644,67.4155790679679
10.737928205131785,39.96958089434163,4.728490735001412,5.724769989383501,100.0
7.174799745733022,44.94835276333343,4.24987685740331,7.940536380847343,100.0
11.062490820277402,28.767795386292754,3.3451116866455415,9.811223990199354,100.0
1.061910024623034,39.17970722327817,2.311477805003036,7.62182320335625,100.0
2.3517943490297424,30.048272840231053,2.0588277079225428,4.4618768023897974,100.0
0.5427274669264568,31.99689050759772,3.2548673357547706,4.453501683124402,100.0
3.903963969159172,35.687636580459255,2.7271593470345272,9.708539325073396,100.0
4.664127476273784,41.841927854658465,0.3113655294094281,5.783744741844002,88.19329646387713
3.256188381286751,44.602086729982375,2.5625132438516585,4.552401916494853,100.0
9.944850109823152,39.206835346612955,4.032018086164197,7.594267522902289,100.0
4.281039920323071,30.444169554183343,2.29619938798479,7.741892669741596,100.0
3.371214116248569,30.533925056926755,0.25978288777134206,7.891028920712129,100.0
6.512352997898981,38.43955753972229,3.9313909969201655,5.604412167145248,100.0
1.6910906996971518,25.969428644207557,1.006818910679872,4.09066410528685,100.0
9.626363769048476,22.761852828284866,1.2931041744401939,9.790092216726832,100.0
0.8946077241572499,28.865553941019414,0.8235317671614795,5.505358274146615,100.0
11.842643239206208,27.180974791352043,1.6510753243574876,8.056157728315284,100.0
9.26693723155989,27.407703011399754,3.783757528443175,8.239779219272258,100.0
2.384588178410069,25.840193776247748,2.5969292975196865,7.660044502476914,100.0
0.06626540548322879,21.052329740909048,1.024406370753563,5.877444365281889,100.0
9.78553714145801,20.446848368335345,4.3891503907602045,5.626577522584395,100.0
8.482288126171404,44.69305974340079,4.397909274757646,7.586009696216219,100.0
8.748086016491847,30.694328343396556,4.352892125230035,9.196573801670148,100.0
9.25524416023135,29.608166178992043,1.1939810569076963,9.680402373540375,100.0
0.8885358208090843,36.99118206732675,2.2561967209049403,4.635434826422546,100.0
4.301588742531271,25.456347196626602,4.924948280704376,4.928971675586319,100.0
1.3904287143015566,43.749029598755634,3.8600623815499517,9.668417552698479,100.0
10.357241110507122,39.6586253603888,0.1358371061277991,8.419211370008755,77.9331493723028
7.479577521930695,22.235275057806486,0.32602295630246025,9.297962948978638,100.0
3.9707762982317902,30.43951939462321,2.319656884061664,5.215795804812059,100.0
0.7627002034322836,41.97795768905412,4.546101029307801,7.525515226656411,100.0
3.7317878605879464,43.61830055728525,2.693508989763571,8.206837566504841,100.0
3.9021998643209646,31.68503778124674,2.4890625401714512,8.080671312681837,100.0
8.75527414005677,35.335284730267695,0.5273684997831529,6.4489101452001885,82.54257160629862
7.650689656262557,24.17584865230188,3.2839005236214702,4.092369350147851,100.0
10.646552910915918,44.779215653424416,4.110515803001127,7.497556340825579,100.0
5.666579101943391,25.791792534586087,1.9021000375378116,5.518609235077653,100.0
1.4351309512596204,43.56829435337814,3.8780592546266375,6.701525476857342,100.0
8.558937446675941,36.24116622480921,4.8223832695040585,9.745486090502904,100.0
9.12942058340277,35.19341987197148,1.0188322956384455,6.3942119058546085,89.33509719952914
6.735326370833954,32.81721277541271,2.6166481559737065,9.03880963998656,100.0
9.251606159454731,25.766745292943966,1.4356897904228778,5.131243634495506,96.1816408297042
5.925547156372689,24.41320080013771,3.9642720951691968,8.034762988150174,100.0
6.272793952583928,25.512155226754384,2.8879668294057876,9.862041726633661,100.0
5.130492220302596,24.66095655360636,3.1729120877515187,4.611358605237621,100.0
0.30502952092914226,39.48961183916883,3.9895707980794706,4.049919653363152,100.0
1.2946971239196534,28.753131479168253,1.9798523633122744,6.6014967557956865,100.0
0.377150228240811,21.44606691408491,4.575450342035216,4.555752898308203,100.0
7.636924935165364,44.22756575352028,2.6651443362307,8.490306098057388,100.0
3.77227177291592,42.09464712408564,0.78977411417674,9.487291983091353,100.0
6.102848293976433,43.19380707988032,3.4794955908440124,6.604125836252553,100.0
10.890797687113116,44.872695566160886,3.9663067521912723,5.552269852932646,88.57466090988065
2.9915067497864993,24.347381230487184,1.5838083853376332,6.606419914039659,100.0
4.924595076427557,29.90605047256647,4.285896284993765,8.340686907100006,100.0
9.066613662516584,38.95596189260228,4.530716273828832,4.054324969482225,100.0
2.7455779858994696,37.4005154513448,1.3845224368890445,7.536723936908183,100.0
0.9237589179455159,23.847397658496376,4.91760736357611,7.679750109324274,100.0
3.4770174349652163,40.395828124765444,0.7035576402437921,7.826129481375613,100.0
1.934655447048053,25.61101429591652,1.01007834201245,5.452132479885263,100.0
11.156371828110878,25.595440370565576,0.9211241961901306,8.28431634026876,93.17718596438696
9.697444554773003,33.42436057233534,4.469948550039352,4.548348917990658,100.0
7.600845078125081,34.823498371042575,3.271462761624809,5.195622018800805,100.0
10.457527082252613,34.50215519594528,0.7605214161113644,9.26482027992689,95.74520176626767
9.644064922789374,22.287170934943873,2.201617091841745,8.432338904359398,100.0
2.23884070663243,41.936521565759506,3.07649012534901,4.082473324068071,100.0
10.710707981879732,26.64000106471765,0.41732042494691646,5.490257562218801,82.28194463242987
6.472106902987809,23.237873032070105,4.412081842036693,5.286438897958988,100.0
9.68928186196875,42.218701996724434,4.018017677207676,5.6248379682218355,100.0
10.753095599081918,43.891287455743836,2.526033867883191,5.485358621679318,82.80065519165461
3.8160416996623665,41.55319043163627,4.835633076295852,4.375157774457074,100.0
1.320623094332121,40.23790186812195,2.0888048963754984,6.753643099580922,100.0
2.7352219505033,36.38104951597555,4.920551595182489,8.39640084871699,100.0
5.125293463515076,33.77143426522848,3.339599994018135,7.640390348304619,100.0
9.816177191069917,22.174668997785254,3.173356366269707,8.037230011588479,100.0
10.328766999076121,30.211330326767467,0.829774476478925,4.486895071217435,81.39415394087335
0.08342556637428844,29.31721292530785,4.40963879152322,9.708944261060722,100.0
6.128967630930789,26.493844594008156,2.1374484396030757,9.03095100305815,100.0
5.008932037785348,38.08550284221462,0.8111670289123968,8.830541910973977,100.0
2.665293725648763,32.396893376969274,0.0630375998787952,8.937902830250605,100.0
1.4383844080041936,22.0261553976912,2.7987784181919126,9.596263048796569,100.0
4.0513820568435355,25.504580048745282,2.6369981106133817,7.265523796682186,100.0
11.31491644695023,37.08146909148989,3.596768111845793,5.201692107205755,99.7049172586866
3.8784351842490628,21.903271487257506,4.4512902650890105,7.700701647115247,100.0
6.225487460920393,41.28017285121922,0.3970329232151476,8.457288962007635,92.8140556470824
8.436227506742135,32.37866317534936,3.657482451701812,8.427504360124153,100.0
4.363555228551528,32.0146644331662,0.9370597204879111,7.128694145001281,100.0
11.661384992651527,34.81019461648794,4.290885265785819,4.410752316001468,92.11796025840628
11.549367539305335,40.61702414812873,4.09531756930828,6.226677630580767,92.95594944835143
3.02138754990437,28.695230197554828,2.7039687749277217,9.524599650780143,100.0
5.966982070708625,36.95040381397659,3.5512139931165576,7.506693458544556,100.0
3.610539717801236,34.143299099894776,1.5717505659187418,7.229991659534281,100.0
3.4180859325296113,26.675706754235534,2.3558394946640733,5.613121086293161,100.0
0.44264336825439354,41.96574965887895,4.108184488552358,6.210693519499474,100.0
7.314772007758762,39.9356505401732,2.2963259858660696,9.372076534919016,100.0
6.032148278746337,36.46129586646064,1.788991326627209,7.9987782851610145,100.0
0.6177450149998722,41.26454322735604,2.4710622362514996,8.724322160513998,100.0
3.3437575708393372,41.68235502399506,4.141246262186092,6.726072538405931,100.0
10.899190631599843,37.70907441787587,1.6760402368543637,7.7814833167369475,97.26873200069016
2.874742688003669,40.925333209091804,0.868807965678719,5.490301652459245,100.0
1.738738465094677,37.43678654173209,3.5600701016539036,8.232764981700917,100.0
5.873433123330756,37.00351929400751,4.129891063540409,6.565608002220024,100.0
11.827805449327208,35.46528445537961,0.5031873926176667,6.655273088888474,79.13416291628896
2.904663258138005,38.81791598894103,1.1993705637797236,7.89593394746129,100.0
8.065626568870542,23.96512763232684,0.7098599488049695,9.61768372881356,100.0
9.139435383944612,42.02176897997321,1.7397070579108331,4.3840380796517255,78.68054526817795
2.851650527908796,41.7960881936308,2.251754894527063,8.948459424082046,100.0
8.738596183342315,20.731182075863977,3.7441316848165322,5.7542986624731585,100.0
4.413397592631039,40.64541876411907,3.2557379244083706,6.663516727038267,100.0
7.587669967122954,23.22174668683613,3.1046428373921557,4.1314799726500535,100.0
7.602356529130736,28.377971356478547,1.761874733048272,5.806276467005878,100.0
6.429296208897101,38.5877064072902,4.2072377654238,7.015787455780783,100.0
1.0834772406528996,24.018997401207706,2.3564358369908227,4.337056464084634,100.0
10.023629947070855,40.44917560297655,4.8955246900757725,6.946574376298991,100.0
3.84936077966083,40.80335444894355,3.1707106914786842,9.562663773150565,100.0
2.238222124798251,32.68669334402091,0.6313237078225137,4.632359308646832,100.0
0.489301698657167,20.15964679292084,3.3808878103771702,8.586644368453026,100.0
7.090715318258901,27.17595332937282,1.625520077158495,6.458026320255955,100.0
8.130772342107388,35.423172959393554,3.4316359834304873,7.931042287146028,100.0
0.19905394713427382,44.529654450685584,0.3482057408120287,5.561419587911376,100.0
6.145116699591371,35.79533817541671,0.8744071858797969,4.95695357524815,96.5767761685931
2.7179493023752554,26.495089526603994,4.2786862945289315,4.962775685627358,100.0
7.742073484913398,35.85014257749028,1.1358977851175744,4.422951673858868,91.86242110931623
2.0923971480598973,33.49963449289639,4.1852056262147,5.113880229407458,100.0
8.29125285722959,39.49613487877859,1.396380442272052,7.985316309933809,100.0
4.640824155606449,22.67451597067396,3.214409550293538,9.290143671061049,100.0
11.240759864840815,39.025697562550704,3.4707528675491552,8.884754113546972,100.0
1.650251329751919,33.531664466902754,2.5632737657252647,8.110805859246906,100.0
4.092796212603102,44.07480009647487,1.5265533834836564,4.662591180466616,100.0
1.3616822548870688,28.54680415096715,1.0632218818554806,5.7351246777756995,100.0
11.096323419342752,35.8155473283487,0.1659467728121311,5.858841251934814,68.18690413180857
10.528072240571772,43.30070263775043,1.519732006203619,5.499741678385727,70.54155822929536
3.0952995325818673,22.56274319976698,3.265813952656415,7.0900339582583385,100.0
7.9198085524101485,43.43071218091128,4.691524092242413,7.213322889278036,100.0
9.80666640241459,37.197143057520336,4.35602241131526,6.141315851026661,100.0
6.6624097391935475,21.695926477629296,3.830323882676513,6.122734952418616,100.0
6.355806940272078,27.524089173670404,3.9422367162664935,8.971333587436488,100.0
2.90222749080542,37.704302216132035,3.3249245173799764,8.735757089918113,100.0
1.1172332136707905,21.683765036719294,1.301434287830015,5.846774990084474,100.0
10.76658909543992,34.55426150440683,4.535975153529149,9.482730663239556,100.0
10.805016685959966,28.64707642382392,3.3536615595291703,9.716890102015036,100.0
7.597217487279215,35.52288794418693,2.8022031549022,5.960455252180245,100.0
4.068357492584408,21.14355084531282,0.5549473460674054,6.12654969275833,100.0
4.190514895351931,41.78842015380941,2.235277719032127,7.033804920531753,100.0
8.711468146442872,44.33722422943492,2.3017913560096313,9.646724875202041,100.0
10.765323119430924,44.22194638214229,4.3228180476133495,9.25791659885387,100.0
10.645037091181408,38.741295793573116,2.733241100938942,4.615407775501539,83.8358537860127
9.358506550291487,23.2521560032658,1.9020027448520482,6.356384459628497,93.36574652313148
7.704379753851454,38.95657989822556,4.884001642553296,7.320227138498631,100.0
1.009679579940586,20.614672911470038,0.5536029666315784,7.01879483530924,100.0
1.9395445691353652,20.553088788224933,2.112742141559723,5.163178407621356,100.0
10.782650262324951,28.09025547873853,0.21012337585702645,9.152900627008929,82.42550836769807
7.277148715915079,32.21607976011664,3.6995206038346518,8.061644697981023,100.0
0.11036461939955577,39.26018544519483,4.5903827609957535,9.02745024911082,100.0
1.2176585143923853,37.08238441516263,1.4001866477524472,9.152585676096834,100.0
7.96202122929667,31.14756765941871,4.291708383995604,8.490135121994438,100.0
0.06073900615462424,26.840666657041645,1.4610911523094887,6.635263607498304,100.0
1.9296966170099839,44.92811250394278,4.553850808219576,7.663280530092547,100.0
6.584805472399033,30.654532555899323,3.7698095179839197,4.962192436718459,100.0
8.30274237231232,31.284675608241887,4.024533884207193,8.041872504849447,100.0
7.823535114031206,24.090595529791727,0.0900327780022725,5.075519534435685,86.77303257841515
2.6912317135267174,39.87023871874823,4.81405178537013,8.163697543060941,100.0
8.54615065617043,37.34205564453721,3.633354960351616,5.377588964523812,100.0
2.846989049961601,25.51924031971901,1.5237554769306665,4.70530780090132,100.0
3.9047963779112127,22.059526140396066,4.146973324294235,4.991706940857744,100.0
8.95789686141629,37.012482551867826,1.4076059920746498,4.011952811314422,72.21371416393744
7.795594788566576,36.362780357028385,4.363769197830639,8.31243770712118,100.0
10.190680925930135,26.831488174955233,0.5629019520596851,8.394406294350276,89.99346921319136
7.891354707604121,43.771589056260254,3.518429887303979,7.089600099479557,100.0
6.819703240025659,23.776447294522505,2.7034923832245514,4.968176806332302,100.0
1.1240972139371097,30.80837002606505,0.48267235097720407,4.501326025064138,100.0
4.412589636713202,43.59039800418997,1.209469141294195,4.114773798623722,97.96795719002256
3.1824284121807054,30.493182923153057,0.06202018138657395,4.994489061791324,100.0
2.927875720549003,35.96314869160214,2.343839827322529,9.34513320989888,100.0
11.676126657029346,29.939859949069856,1.5063263038000019,5.449221050210091,84.51837717662043
4.717172696001125,26.85538005871675,2.991787421488794,6.125627963303294,100.0
10.70455866212536,44.599441198995706,1.486189038543086,4.632072906887999,60.81893418753854
7.573663511967155,30.233350157876075,1.4995955575349234,5.334167828489022,98.95584231493073
9.537735642499781,42.352480091978364,3.715965993658017,7.1153474246812305,100.0
6.031645117262306,25.748865147277154,0.24071417989176724,7.646516098573915,100.0
6.92284661551631,25.327617600627082,4.514474975959936,5.472113884997267,100.0
5.910212325826366,20.778352072112785,4.261319371955907,4.346392955350703,100.0
2.342915853576534,36.29167063439712,3.3390234161320325,6.346197214764392,100.0
8.669425383138064,29.21315859309403,2.9661078505369214,5.405220225558005,100.0
3.3692683492902695,41.608956245990925,4.4615124906982615,5.317323539378812,100.0
0.29179159717744607,31.83024766728893,0.9266508976435722,9.759176816280732,100.0
7.745667550886013,44.20483569786804,0.39484581095414306,7.697802915554345,87.03224544419443
2.1253281528845873,24.63813789257803,1.1975508495476905,7.341270659032576,100.0
11.285503012234972,41.71557919889027,3.9728913935009516,6.4946506211399315,100.0
11.447142924031048,39.41492131979354,0.17335133363241662,6.573666000580865,60.9292202833599
10.978372682645382,39.2730461161013,2.914034175417448,7.245430023028485,98.6597296035897
4.441904403065333,41.11958070292219,4.977187580956549,8.178578842216643,100.0
0.18547939834640914,39.02559977357497,4.278480469187697,8.212876577090977,100.0
11.139822751052705,35.655508040785385,2.607228445217947,5.030163446232697,84.37425388109752
5.138209779807772,23.28112194205969,0.3182045464332117,7.000676512459762,100.0
11.599857828524035,20.8131544872813,4.156867571928549,6.471748570204612,100.0
11.563439725071035,43.02119619539217,2.9948925408860525,9.223161797616305,100.0
10.236113465608321,35.41625786301845,0.5746649852978342,7.788513527310259,83.72328181677942
3.5333867048350283,39.91343227440441,0.469286424116781,7.195024398495891,100.0
4.621172743223103,32.03805878781375,4.548134097182962,4.692367853073504,100.0
10.213640058202284,22.93270472405986,3.346001314690392,7.6338273359404685,100.0
3.803064061875332,23.129644805063762,4.146433996583777,4.7032234340814005,100.0
2.03391296023311,37.13913218072429,4.394894501411336,6.023239453394512,100.0
6.681615149500201,30.757647372486566,2.858861760241611,4.857051788885991,100.0
11.233857289929372,25.013118167508416,2.5872317587752063,8.152441882146213,100.0
8.352357560099676,32.28986366853592,2.152137051604951,5.237512683016916,97.92215534494554
6.84073404107238,21.605223426878354,1.5847329389555964,6.351156239128156,100.0
1.1661179252492224,34.54928504785997,2.1729798042935586,9.374048665712671,100.0
7.380086720390037,26.724835110877443,3.869398278650782,5.225898300393822,100.0
11.88064620125116,39.93897751592971,3.0096171550756576,7.046830383752675,88.32727213169849
1.6810081828382883,27.759048973089342,4.462616449774231,6.515629966996132,100.0
6.21995582836484,31.38050372704503,2.216900071895939,4.108744246274378,100.0
10.528476863135465,20.290513497702516,3.03544789359377,8.756548681436877,100.0
8.889223413050454,21.81117219486397,3.1565377654599436,4.414275437887598,100.0
8.364188891943215,29.81233891016712,2.9584858115316277,6.845530125861721,100.0
8.42980900784531,31.998470867928088,3.5131688654275814,7.3640697696337,100.0
4.313893814637062,35.000513702982595,1.1871673418740314,7.770558739687522,100.0
3.5231021311739203,27.29156446773258,2.561818887728953,8.131789775847253,100.0
9.712333865742163,37.37454715316356,0.5211240140417384,5.519634301136291,74.09418680067782
9.721360736150169,41.503059929730114,1.9225566382240626,4.059872659950696,79.92168086019197
10.404867822961243,39.496274722333744,2.438335343106322,8.340661974129471,100.0
10.958886630677656,20.990470633708927,3.2611212977273625,7.2139395960854715,100.0
6.136108786331254,32.012673681445726,4.752655262931017,9.016706219243492,100.0
6.018195536246395,22.623254460454373,3.0032553327417792,8.928330177404167,100.0
9.579542147601302,26.051125396563187,3.717969580882799,9.059957006727299,100.0
7.799567169333182,44.66656483167866,2.5313302974760137,6.910567959877241,100.0
8.42360252709244,23.56238857253783,3.170520156881657,6.001770375021194,100.0
9.549512033233214,32.4722038362839,0.35466108066886715,8.74934921554822,85.69207079928813
10.680064101810796,35.45389335795298,1.271957904209235,6.707764678175529,75.96265047864534
4.05594188221843,37.561624263602596,1.8092654660256935,5.1006531784206075,100.0
4.506995431679329,33.991217087172856,2.362466775032568,9.129844117368846,100.0
1.127783278090428,20.24427118547959,0.22824372751191868,9.295359260634083,100.0
6.939361691954088,28.1615327060998,0.7001204877665884,6.797858536841021,100.0
0.43130728556090503,32.94279108461779,1.3840715389565288,4.454198363858724,100.0
5.587176217589522,22.196662478620834,4.8576634545052535,6.326956539501587,100.0
6.5117356164909195,28.76567328022952,1.6567350355152537,8.82122595677562,100.0
3.438495025539413,20.830077719784164,2.4102052905604125,9.410644171277372,100.0
7.089999126828129,21.964462428875517,0.9804885636919647,5.220836454985575,96.43423987344406
0.36600299926859314,29.9230819050399,3.0539003553788415,4.40184167215163,100.0
0.448178264990573,23.31789385107651,1.4034160775798714,9.264102718797032,100.0
9.871206727915899,34.18852120653895,1.0349628921921339,6.3364296338732515,81.09899433214912
4.322287696935154,37.236624228431644,2.582863142229895,7.25056578560538,100.0
1.5247261518226174,40.01466747772707,0.027528995802104106,9.808394872304554,100.0
6.266919120657652,25.003756106120253,0.03832016324612664,4.399388367485337,88.23875357624289
9.23992263718333,24.187064556476745,1.0953440455092889,7.889908044712573,89.55612404272776
2.589852329962118,22.614196008360008,0.1836068125041057,4.444632535449203,100.0
7.4746857098280035,35.91075623859092,0.5401287706534569,6.2528135707990025,93.825019043882
1.024169579925216,37.66189316217253,1.694303246693758,8.822887271160681,100.0
0.6201806540232924,20.78965362064105,4.012928397899064,6.600833396533806,100.0
6.376255578817776,43.405306156092244,2.860243216846504,9.983094123417702,100.0
6.487621459321279,21.29928209128681,2.563338629782082,7.354355709679613,100.0
7.649158817978479,33.53240838252676,1.4674441160406082,5.926972915815721,100.0
8.71309600467194,37.72651298627291,4.658768597164082,5.320667955428519,100.0
11.710224953550416,41.77422809365214,1.9850752061859582,6.103123205716971,80.15866844996694
6.195604179614344,37.85217330331069,0.43546383397885746,6.235199642557305,92.57687624586231
3.8754776752949516,40.04320207674479,3.0853325805890064,4.412282066343765,100.0
9.542234337224444,28.486254813570152,0.569191967383007,6.217445196560639,83.5226023121226
3.2499870151448906,40.3706278436628,1.7261157140084604,6.7854311184353495,100.0
5.267657048467633,22.00287115961688,2.537059693589044,8.336426513432828,100.0
0.9414765761071915,42.37041640151319,4.371112623425879,7.940376908329648,100.0
0.3042089209854901,33.689809403843405,2.467732901700593,8.252593931374925,100.0
11.5517809761351,40.43244424906234,3.5112938301583214,4.050182091261142,81.76810713882378
10.03176144614647,31.307957112957503,4.964084194995352,5.306004397483216,100.0
8.351690473124375,36.08944237991312,0.6574455994899081,7.970105730399139,88.27406456937678
4.907435332971239,33.16006652340283,1.3736576275975976,6.903936209078482,100.0
2.0795318408501493,38.2897380438833,1.972880377988232,4.031880854010076,100.0
1.8772445120530326,22.04074955076474,2.109140892694157,8.826967854590933,100.0
3.002914777975144,21.508802099764097,2.0551053763277287,8.636857439742023,100.0
6.590719976473446,26.177580850253662,4.538055012782775,7.290514977961376,100.0
8.575151072400748,23.98861700282971,3.570163222334282,4.398779954657632,100.0
7.922368520612775,41.794589164805046,3.039526070453519,8.599090297195508,100.0
3.359206763351314,25.480349683951108,1.5468635893139104,7.502281526388184,100.0
11.45838336795833,44.39663139547828,4.118951921106474,8.691759862947755,100.0
8.854763000349223,28.422394794277672,4.775302557424944,8.510481954375042,100.0
6.652248630136809,24.55294789221748,4.105991412751132,8.818012431747022,100.0
7.340648954812227,39.74246267856198,0.00782552595736452,7.108048398427749,81.59669783004807
5.0352007491334785,36.4676943875219,3.182006850917035,4.84194710916109,100.0
2.9727718740138895,32.45489291132847,0.2556769072105036,8.026944840278132,100.0
4.271672143815139,33.88408877344078,1.2880361016686093,7.722842710311824,100.0
9.09415332557243,37.980044456806596,0.29762350173885843,8.453519123194523,78.8050237007153
0.17272186355707042,25.711368533282467,3.0189772647469386,5.019286036304412,100.0
1.3928716860829948,44.90834790141855,3.4329495674630337,5.1698511994017355,100.0
0.552031704261033,44.36982905366958,0.5724381903295256,9.34245710331597,100.0
0.48874562782764164,36.25814215867342,1.9191944152248974,8.499866790712424,100.0
10.265527008132086,24.988561273228626,2.2811825447777103,9.449370932201937,100.0
8.443894312560284,37.00570606078229,1.845265108804583,8.552291926983525,100.0
5.690085949047902,21.804960224479395,0.6051250024259652,7.582931835941811,100.0
1.1740099278120177,20.766312555145152,2.0947389509373773,7.924796422167242,100.0
5.899390501401989,26.442072212780342,3.7558902390420905,9.334767543640059,100.0
5.681661249366789,31.565573918482908,0.35503832266627733,7.472840527071643,100.0
2.078422438920182,41.706812635209516,0.40090007040951725,7.794347945970324,100.0
5.206219790855677,38.1792267441577,1.773856459179921,4.938860296021604,100.0
4.782056812768481,38.56766302999952,4.708628558094626,6.843527320696616,100.0
7.390201176626597,30.637333361201883,3.3428632336145703,8.298382671748595,100.0
7.621123810411726,28.648374813674074,3.393349783362824,5.6256561898981925,100.0
0.5436481172645342,29.27596907461507,1.8095999541893248,5.21352508314721,100.0
4.495351375517655,44.69123909340145,2.9683039560426923,5.882960849346493,100.0
7.510318988570837,21.002729785312063,0.05065592013871689,5.4490037679570005,89.89496323904109
6.037635102961053,41.675787403061214,3.180480232047711,5.289475822218375,100.0
10.277878094259867,34.46688521430983,4.566434737881184,6.549105057208521,100.0
7.90432357942734,30.965385479739762,3.062867341724096,9.447031083301205,100.0
1.9552131249771563,38.13144151037841,4.368492967331726,7.042357880432309,100.0
0.8468249688051581,32.16672353561757,3.619865277330469,5.127522284891938,100.0
7.709031338475787,41.83558095204151,0.6027920820184512,4.461830016285244,64.21815070804897
0.31813572649946176,42.51754660028146,4.512266536429209,8.176936870827552,100.0
7.02930697528156,30.543023171836385,0.3322192217788744,6.296792586618327,96.49375051526933
11.282762897099492,26.920694930876287,2.6698373627388188,8.930985679512155,100.0
6.9056901345105475,34.80875821483406,0.7106856189672883,7.957064611844621,100.0
4.658039114478263,42.80908364041727,0.05853305365452033,8.777448703248211,100.0
7.719458621308238,25.266554725141663,2.110171300638195,5.6316762365106925,99.31215216048223
5.4990346858981995,35.57416458908707,1.4752035382707813,8.154153534766348,100.0
6.547401471791219,35.78900550231302,2.430002468988015,5.584371908162312,96.2295172677722
11.297577705318302,38.327825560382024,2.885999433672754,9.63441087670175,100.0
4.6332316536092915,23.289192128181494,0.2186953615447368,7.818245689200246,100.0
11.534286765886971,37.895624117052215,0.6150164756187282,5.947070801052052,62.409550648000206
10.864207703472765,42.72581301664103,2.7932119822521266,5.617071173753636,78.10122433523972
2.3494936174715573,24.492077721756047,1.7158367658632911,5.145559510429861,100.0
0.8323356105019855,25.93858312309694,3.64586743774724,8.167845753362368,100.0
1.2093360165291198,44.28487735104099,3.2614582429596983,5.312293677987563,100.0
0.21866190781859673,24.524423817737244,4.228021814949534,7.571819595564934,100.0
1.1333155290711407,41.35962733423948,3.4624641333461263,5.587810161552144,100.0
8.196081280996282,32.30694641120087,2.149655386950741,7.971813668763211,100.0
0.8542637815227478,26.180776860079426,3.364833111972162,8.889638371243235,100.0
3.8277075635251356,41.768747531812785,1.3769058712770925,8.668151458867918,100.0
10.138503731633454,31.132631375066637,1.5315674938910635,8.56510798558469,100.0
0.2792632288299104,32.87043384824226,3.9449257996039666,5.126334434153512,100.0
9.77362179106723,28.98083423499414,2.2320975820079108,4.530309681907112,95.51831597809554
3.382257297280799,34.823771285873185,3.9919017025917625,8.193692970924314,100.0
1.417977931459875,24.08809681462557,4.112111868341392,6.210083282766108,100.0
8.360845984369808,29.77703841629402,4.287811688306419,6.594077358420083,100.0
7.547314161358608,44.23530805838219,4.583176179206037,4.186894556760347,100.0
10.529664162324636,26.45333581752819,2.154926102566481,5.557458695650295,100.0
8.820852525646629,36.4184166135323,1.594334091605694,4.202058423246784,85.82803899621244
9.641771164618183,28.129751605617372,2.910993732970569,9.275114635607487,100.0
3.384414870855678,39.33682814216502,1.855862117188138,5.460380099311183,100.0
2.129274525356674,23.271841517958745,3.0053708340011647,7.344023017438048,100.0
9.0073770196903,44.24552612696362,3.527929313219123,4.2338759239667825,95.6015905059046
9.682016871207168,31.34473853459098,3.4420250924606846,8.001084347833949,100.0
11.88606170400808,25.9012615836616,1.8727644351006068,5.938164074524563,82.52899337235912
4.951412122937118,21.837418683250316,0.8343010084937641,9.387515121745995,100.0
4.464217029513398,24.24394762718852,2.1526466923110377,9.328709133604214,100.0
9.316955528903963,32.99434871390044,0.7129707204095437,5.951743710170486,74.47000226970034
4.089642483036214,28.425079410782157,4.450485175919042,9.405765374142806,100.0
11.169087907242776,40.72208414706523,1.729387303689287,9.976946040992672,100.0
10.300953022116142,30.772188091545146,0.7722987361166189,8.952493984743688,86.00811536023002
5.14792832850022,26.217856814690748,0.1272387995287544,9.069228086531375,100.0
9.010452813497968,35.42862466510075,3.2291119314324215,5.494052416654539,100.0
9.054514489016189,37.669430422136145,3.1845115872737164,7.460214393146538,100.0
1.2374864260311913,24.176047697523746,1.7030208329064584,4.403535483804207,100.0
10.8306348801548,24.190480407207943,0.35855944423825503,4.569507620930018,65.78387632902951
6.063028469374286,20.916785673338573,2.0481444744761603,9.993355672199744,100.0
9.917489593292899,38.41005037664101,1.5560874753169678,5.959835496555465,78.57873400776187
3.840595212367341,36.59511319054513,3.3856031986750468,8.489103472293078,100.0
10.746278741954406,31.865771893745347,3.028896247263452,8.839990318160899,100.0
4.670420144809958,41.10426122422993,1.8229686409877,9.148139626043374,100.0
0.13005181776358032,40.14175382375133,1.0894627712749505,9.98576978441294,100.0
10.864583717031163,34.6338591099188,4.940179830777959,5.448978911541207,100.0
1.0954401214336027,41.70678201283147,2.2700081059805743,4.242104961158198,100.0
3.8317636510849784,25.146030250919207,3.441371178901185,6.467149107967516,100.0
11.400743604609659,22.7979904849432,0.7027648378918039,4.780484018973682,78.44643822454472
11.407285763250673,26.74374028792474,2.427948498296989,4.1345553349723305,84.68468154928419
6.881254657479433,21.427171402232872,0.13768359934732743,6.162560962848916,100.0
7.582046546037591,33.2792382000258,2.5272755895522496,8.702429506451418,100.0
5.381346263739838,43.41514230737404,4.820087035588512,7.397084147350425,100.0
3.5185292603767744,20.983588516712743,1.9210335649290011,5.876667935262124,100.0
3.9439745444389915,23.052747850250668,0.19498006287455794,7.926052032956318,100.0
8.07022147292446,31.30497570708588,0.15477895459671764,5.3921090818528645,77.69247729605107
9.02849435325216,43.34687543819762,1.9399337997343475,4.08628867643251,73.15002054240513
9.498948524710183,27.903902624418762,0.8001246823159702,8.586120318618564,96.45632502670223
9.475417713534647,32.680870217209815,0.11676048164092956,7.742458509184054,79.49076391795039
1.0944732365842844,21.0393214762598,3.781068069750884,8.57381574700576,100.0
5.933043656430978,23.70858002405222,2.2926150444094535,4.233628100125994,100.0
0.6907051201997314,44.665753073971175,1.4462238598632726,9.022717766983913,100.0
6.594346587884827,44.127967410901135,4.500415915082404,7.7171572002178195,100.0
5.298366016480524,20.12349952336024,0.580694801002628,7.380372104275841,100.0
10.652450193099597,43.79529463558097,4.779594144776596,7.747684288687189,100.0
4.210980150624945,35.97799844538751,1.569833586886764,9.186599481210184,100.0
1.4048041971312704,41.697957363000555,4.442018361543406,7.521619039353443,100.0
1.7159001846340303,31.368496390846477,3.0147143823973077,7.485702279329076,100.0
9.138127580609666,32.88990071448126,4.133536798707437,9.944074942394595,100.0
7.418616759795133,32.22116450642301,4.920065816052322,8.540381002411408,100.0
1.213472113473483,36.67160643865261,1.4420271890937286,6.6537628327068115,100.0
1.0092816733799692,23.49128136890782,4.805677427037965,8.244382000197566,100.0
8.41162957750944,20.74933974681695,1.9474094745121018,6.335382830150731,100.0
0.8731560763703223,27.698248539779772,1.9275595236846117,5.373252774900994,100.0
9.862320711484275,37.61701906841617,1.7019355212725285,7.581111261326557,98.72849324552416
8.474906725877954,25.04633630307371,2.707038036737926,9.56909258868371,100.0
0.9761853677027972,36.835810833122935,0.7707252158924355,9.574837120092777,100.0
1.018052569022303,44.24780115268176,2.768557426790056,6.051431668632942,100.0
11.839674942014106,22.34751789473546,2.70852406205002,7.16606479733017,100.0
4.491249549073444,36.81505295562816,3.80950906302435,5.269815391419167,100.0
4.447705764802691,31.093755482614277,4.168249809687928,9.973786656993301,100.0
9.753594807090032,41.703556359437634,2.2022067515621204,9.886707447207614,100.0
11.366982928606305,24.428744736184647,1.5116662467574686,7.897053578244684,97.77042981055399
11.83201276587445,37.315648805654114,1.2966744865854722,8.82648435806484,89.53410402880985
9.0405382231073,40.95288224120276,0.9731191835243597,8.2906009677022,86.07412640867759
4.515115026370989,43.61535548685058,0.2882379109951244,7.558949314236809,95.58693033132158
1.0020086003840252,37.081200707241145,1.7122398941735666,4.320087981933386,100.0
9.325762991129242,32.42936910021068,1.3512384606539163,6.728586055315967,86.34924976950444
6.700850996829661,35.44618100503035,4.8320869293320365,8.048717813004464,100.0
5.090664110963715,41.72262461196796,2.7885441312502195,8.065189683302108,100.0
10.876252621136832,34.26524366597074,1.7363851951525378,6.238735710534302,85.46788674174225
1.334369787673816,20.759676492420923,2.90233800496848,9.650151919948183,100.0
5.91150125149031,43.273717387674445,0.6959835067284775,5.004142193420686,86.12842129474183
0.13624373720902883,37.23816877578903,2.2202187460110148,7.002156677293364,100.0
5.623927703929516,36.912834644431165,3.131171607105319,8.145303859304937,100.0
0.6756393081820482,25.39187880994293,2.444489158962257,8.182814835350856,100.0
1.425814995216863,36.47213675581643,2.0088940032716214,7.891833740612894,100.0
1.4103149613252586,29.846610141353963,4.969241944498491,5.6517292807111605,100.0
7.790523625392763,36.2808244260373,4.401573810744635,4.937239412119732,100.0
8.952538551185079,22.664825757699766,3.1170297907972007,7.815641960960265,100.0
7.000425181165916,36.446132615075896,2.8468868059114136,7.595812696836626,100.0
11.546070581694503,44.985343144266665,3.1033023991229203,5.076136061735446,68.8068820002932
4.498446954284448,21.2053009715139,1.0065605391121664,8.23083487342338,100.0
3.428545035382329,44.429354605532936,1.975688716321593,6.731031950401938,100.0
10.423189538273522,30.172699018071768,0.1972976644544966,8.006563549618917,79.97768409685526
2.6831500622334317,41.76883625843148,2.3777301874341332,9.024202478620904,100.0
11.558670473287336,39.559637101456836,2.7151229197883158,5.0183705714615385,83.71024149516164
0.1458536962777961,34.1754065246667,1.138748680516048,4.11486920798102,100.0
11.63854592049167,38.46123023128317,4.820144235827569,8.67461551837472,100.0
0.5179189434069134,41.962889032533695,4.54727305468621,7.658184550915696,100.0
10.693717364376853,30.103508041275823,3.6107161772795293,8.19783741773273,100.0
6.332413309035598,28.175829039080966,2.666933143826813,9.028929849931856,100.0
11.915577553431604,36.68983463908962,4.349845798238425,8.816865608947003,100.0
0.8855587768247863,40.19614854853147,0.6532617191173146,9.765520881572948,100.0
6.646251412815849,39.057128369415395,3.952548971374425,7.21561047311271,100.0
11.631630427429187,39.94534122146587,0.6241040698342415,6.930973795959432,66.09680492317759
6.277174130041786,30.889582870323324,3.971053312747027,6.41132319934438,100.0
7.55278365762315,40.445855404375536,1.3788378412567848,4.9221462570652275,84.5706726049039
8.348984267815407,23.00522638426521,4.385452905090944,7.435643397292134,100.0
5.454492777213279,33.61222744902124,4.7202104691269895,5.662075145955873,100.0
7.530696961008761,20.14396651245304,0.7439798470255782,9.527845073277852,100.0
7.011771743077203,28.114645747506756,2.3133780253269673,7.499144825662586,100.0
10.813896125891867,29.161538371784946,4.904936890813426,7.557041083048661,100.0
0.5453565640974944,29.904317290231383,2.417037179865733,6.12954796526206,100.0
3.371558275106764,37.38668016724655,4.317737612572726,4.311936111866245,100.0
11.404937808918705,29.713952531758643,2.943657610656599,4.190462592237932,89.94355323068044
10.683165406690996,31.217340565563266,1.8766495395980094,6.540010864919185,92.89708100084607
5.467881033428555,25.938603271858184,1.428917777629351,4.507392268583427,100.0
7.441591173618441,29.3312947907335,1.0161154554304364,7.641081733240835,100.0
3.328574195773592,25.681740681578788,3.8089909568884863,9.285838033837944,100.0
2.2574539166851357,21.829898094211092,1.9327025341151394,9.297488899112333,100.0
5.564380859279786,35.086214834534445,2.5563773110037555,7.954272460793394,100.0
4.240226736312634,36.70531996387541,2.4616274000059097,5.267390988837586,100.0
7.003873342210465,35.48725865024036,2.8863951461656563,9.177980988153232,100.0
0.932815643579818,31.58735109501431,4.327885728122761,9.316560611879249,100.0
11.692737691993997,29.494644504480746,4.903696717917147,5.179921509717753,100.0
11.834528933755234,41.583341239295635,2.0379210428690846,8.424556514624063,76.31361880188395
8.37794056823694,32.97704462840545,4.137594610531515,5.7191172935627375,100.0
6.433156396129444,31.979546940743276,3.8226389732735884,8.815841874117577,100.0
3.714331395435933,20.641051645160893,2.8676447572778665,9.983427399421616,100.0
9.765540236483384,28.53119569065391,4.780235718059665,4.180156031976357,100.0
8.21677407064655,29.504890469646426,1.002372577642014,9.38419519474559,100.0
1.9514032721386956,29.97056952242251,0.5463210515481071,7.735783201591948,100.0
10.93112621392611,34.504309230683305,4.269809834777111,9.840295714988926,100.0
9.870446915078027,33.340063668171965,2.1957490831687414,6.790057105158565,91.92613733437372
11.397598959503089,35.197627319836116,4.2348442710353025,9.084327583428243,100.0
8.70863410066032,39.1220815385532,4.4654510259770746,4.374364411589664,100.0
7.360982351229478,40.324643467902334,0.3122879680953572,6.011674300469775,80.34096327454999
5.0189164354874265,37.95307690566236,4.417323814930303,4.40209922650726,100.0
11.19274180024816,43.88809239887337,2.241595276847111,9.852058800874424,100.0
10.3927666740049,20.45581456690904,2.5521624450211613,8.90184344363102,100.0
0.5426240412742729,24.894449642088652,3.132962555466051,9.115284527475822,100.0
0.31640369396702406,20.189071874453553,4.6319130336504335,9.627791388603365,100.0
4.517560402536596,36.186867853865074,0.09558047214882015,4.510620916718712,89.41079641337114
9.726639969381996,42.450763723749674,2.3842173415890855,6.31358555508,89.69050811070879
11.847313551779333,26.087057414407482,3.4386102121528035,4.426209334264013,96.55950857455242
1.8050026932423382,43.175863619907666,3.613534788491142,5.264758609300172,100.0
7.129568584225622,21.50668475723902,3.46266215768554,5.376194662226034,100.0
4.570690279572258,43.36090067013786,0.6721756470406093,6.814643266285472,99.16203093458824
11.638972773775238,28.790567180990863,1.4969779418584062,5.611373004721855,75.44348275041044
10.105427077628505,22.53552071123041,1.7935776270850674,4.605868640906566,88.47033480739233
10.059944456533653,32.14679397965814,4.022186038397525,5.004946534564646,100.0
5.624317917539644,26.4194141930127,1.3937993620727651,4.883653381312546,100.0
4.977834028051982,27.12182254904807,1.0535248193360158,9.838460787473789,100.0
3.280884863168475,27.682249123157163,4.787240095190481,8.555755041510842,100.0
0.6765059598111254,40.075647445816585,0.0443164255673445,9.806568791617373,100.0
10.376668515060638,33.47903191688136,4.989104278409891,6.638442919047451,100.0
9.75481210956093,27.782692478900092,3.384106494286978,5.670210889975939,100.0
11.996612079433568,35.25834458277296,4.142346497245585,8.78975918325512,100.0
11.959642044886865,37.90376685557984,1.4730969817309658,5.957523508246881,74.48340650205715
6.665180467231529,26.815600018338344,0.07157638833529989,5.79630024223209,98.7531052626095
9.227848982166126,30.33872753813379,3.6893475928076502,5.395035953246987,100.0
11.337188758589136,23.04715233342369,4.170722985003379,4.778073869345413,100.0
10.195768688128938,24.52873373836701,3.702380659767596,5.538778366100596,100.0
2.968177220918372,37.02794634912457,0.714251436504193,6.131918490843326,100.0
5.406529623721122,24.535958692390672,3.767139611284845,8.043965248874382,100.0
1.5499129818179398,33.1290845916765,3.8446139105382047,4.3753890533167095,100.0
11.44861232710467,37.72615654306082,3.2927025783502746,5.263041637992058,93.9386561565842
7.2740956134105605,22.671923077368596,3.830579663977931,8.854141841750058,100.0
2.7437136660415526,34.182805490722586,4.229607198388661,4.881531541502625,100.0
8.06040821287028,26.414069592534094,3.068020571187292,6.05587087913513,100.0
7.41753888549475,44.0731718809395,0.4430235698483953,9.18795353114884,89.62753245044782
4.297952616394086,32.08864116799812,2.4381390483360543,4.929551866860656,100.0
1.3626911063955482,40.14981374437895,0.3882466733580253,4.496421013709139,100.0
8.058878347113595,33.755663553906544,2.037715155162154,6.907227970480065,100.0
6.24369241084552,21.085313321370478,2.0355324456281383,5.814517067671218,100.0
9.267820700827672,35.828784389850554,0.3300492207012079,7.380450186903125,89.7958686418745
6.241962013343921,43.78508355516642,1.7441026698473965,8.822829342900851,100.0
10.226178003822481,35.04029550365828,0.5549904939565742,4.822890928916459,68.69040930258105
6.622882065293826,40.47972148566976,4.0411760500461105,7.48419450732571,100.0
6.731255658424635,42.1051615837102,4.7384401298223535,7.033052562339184,100.0
10.51984323190014,25.701994298723314,0.36158237628969303,4.864472716079197,76.04202313647794
4.8417943945487645,25.301120997705667,4.775576036458507,7.743990913173894,100.0
1.6081827414076888,35.274524721274794,2.6128829966837257,5.64184250716463,100.0
0.3453921157600677,30.27571174516762,1.4978283897693694,6.927005911264075,100.0
9.061647068083428,40.99653257166801,0.38431037638081755,4.4936339456623715,81.22197042800855
7.443714616241576,42.50057808495028,2.503121340352089,6.757504343281738,100.0
8.448957217190683,28.83553448256795,3.9725777224537433,5.838780808256922,100.0
2.555569938106929,25.92176397436205,3.5354323863334907,8.934287267112126,100.0
1.6364577070412372,39.51313788109655,0.2511300573198688,4.34187236198421,100.0
0.17453598801458314,26.870150888703403,0.36450917683951756,6.511643649509979,100.0
4.207050705679164,40.56535796284196,2.0143664131631853,6.750588544788628,100.0
7.079012242255597,30.59345634121907,1.4764524702397164,8.350036457794712,100.0
4.706928541196788,36.68874748228676,1.1619216152802392,7.445725450541266,100.0
5.249699064284749,22.388382845866705,1.405022494543568,8.003274023165087,100.0
10.84990433392498,35.59648311691433,4.017413716484423,8.662295713910536,100.0
4.179065604279604,31.294191968430727,4.64614026815927,9.173217841949132,100.0
6.167873869917729,34.66521157938685,2.025513472637832,5.883252980334823,100.0
9.403836152893717,24.200355193621586,4.530555010662486,7.2281362321834175,100.0
4.758513387855242,38.42184362360455,1.60747850623941,9.0406484706352,100.0
7.465040402734482,41.569926938580714,2.382184931718958,9.936706785790339,100.0
10.348364504960943,25.418495002269392,1.1301449890799986,9.337115866262579,95.73427237309559
11.394247483891705,22.392863888004044,3.2023802108792196,6.2288035757462605,100.0
1.7648817711484552,20.59096465115841,4.894905575874045,5.170999103311902,100.0
11.119051501937932,36.04928751108165,3.0174654802168934,6.936355224439533,97.60160024298891
5.905395516954458,35.177350902219516,1.7890704205677443,8.449848711016253,100.0
3.0989326595875,33.667435317851755,3.239087229952642,6.955414424519786,100.0
5.509629074859136,25.798677402899386,0.6146033923269378,6.899085179882011,100.0
11.760390903425725,29.77264989763787,4.443295401326993,9.029382526490803,100.0
5.911417127914435,34.861908379654324,2.515419753899182,6.168422674403118,100.0
3.9450193234500985,32.41917147147923,2.24674871019821,9.158768048869874,100.0
7.600810251800709,44.694638005372184,2.929323942267596,6.440828805710341,100.0
2.881747425338317,23.410993813918328,3.1239193139470123,5.9693986340700365,100.0
0.910359937303967,37.37861385118984,0.35887903113256514,6.7239394671981945,100.0
1.5465566629277907,30.107969202607304,3.413086106117012,8.57468175204921,100.0
1.5365500674932693,30.70499037314037,1.209658401577648,4.7560121671839655,100.0
1.8228323221475322,37.939944141454404,3.569763162532949,5.1785152952321045,100.0
1.6659260717929216,37.31090378310924,4.112673971920984,9.708668953978552,100.0
7.690496937638575,44.781399842554706,4.019792537762601,5.052949764288144,99.85812900810862
2.182561012789738,23.20985723635313,2.7625048370394456,7.406363907586328,100.0
4.1480073998863585,22.60274123460416,2.600849461553756,7.475886799971628,100.0
10.761460918872142,38.108470428218524,0.7143798066970586,6.937746772301469,81.18097007803611
5.687539683154468,34.45967292516023,3.876730752015678,7.8684714914609115,100.0
8.010692862252327,26.854016663995147,1.3570469022335718,5.37896035478571,95.096538174678
2.067838454419558,21.985484224724665,2.483477114089733,7.3159736066604895,100.0
2.3074682257040493,22.141456239910763,1.4213704646375835,6.233039531481383,100.0
0.49042339519774636,42.35477186660296,0.6691418149984657,7.970003557775135,100.0
2.0272207568659746,24.796683117968573,3.1477884844586828,4.847341260238897,100.0
3.3430840683835035,28.084289052888018,0.27166017411451915,7.425264501036858,100.0
2.124125811320962,25.6664100556747,3.743226170631,5.111622132299942,100.0
1.0644304050846674,28.87490764579843,1.5879339763055833,5.671858378690218,100.0
1.4476304532072097,21.735596068652335,0.0006734650224266003,5.3122588019415,100.0
5.529345216392709,32.97649477270676,2.555645696186149,5.097026679212902,100.0
2.47600462086951,21.690314089805373,0.23425954263801563,8.954265709364002,100.0
4.3712383325769055,40.00891269555904,1.3808477891044975,5.714245405965342,100.0
6.041007250258282,25.842802047760827,3.534882437278581,9.562742691186696,100.0
8.284737943552383,33.50029786511276,0.3134481081093293,9.819559152071145,100.0
0.47174567809318724,42.00197718903645,4.196692461780012,7.427562819622584,100.0
9.592924786908512,36.27193422617985,0.01909961329291554,4.858006735994358,62.479867465342025
7.534804673890893,33.32394466378338,1.2341193460095112,6.2472894602774875,100.0
0.9811083833864629,28.10834382788439,3.704520280760357,8.786393580089284,100.0
10.482943489281327,28.32504782645495,1.581350748646534,6.2043443721824225,87.18544661196069
11.050468806381758,36.73717387995475,0.5094619403300676,4.522103309816733,56.91710245311936
0.732935518258365,44.85348403052919,1.8011695940021393,7.340709465569128,100.0
3.3225317777664447,36.545979746234465,1.3519664319226277,9.070725108976209,100.0
9.674415357516736,33.94458543425063,4.213559510802774,8.775558322861015,100.0
8.9791162846039,38.26626275598115,1.5667395879257158,5.050738840782119,76.6170267478383
2.214252232276528,31.630140307092955,3.944662358880036,8.0365876864748,100.0
2.5121918800405236,21.50355856501963,4.459360724053674,5.323025580613883,100.0
4.445665233496584,34.05742039694775,2.1690870978826475,5.309245207313033,100.0
5.814275822292256,43.9406321126345,4.54971571927196,9.244430639831112,100.0
7.4190572583635515,24.38257355894149,1.8865902698159642,5.498013716441381,100.0
4.426963674837269,37.25012227051664,4.820392082450541,5.579484079108067,100.0
5.550416593597775,25.02334221647641,0.44644762262786464,4.003920344567797,99.03050208238523
8.96965125760508,33.39569211182703,3.435096332516214,9.224014204753106,100.0
0.4401984346871748,22.41691124116799,2.4690702022846436,8.755568879254808,100.0
3.029243332128249,31.25927340645463,1.9382440272782353,7.763973610544068,100.0
8.56019503061463,38.90408322238115,3.1635593937430047,8.501594583633054,100.0
10.742482052246391,28.68928810597455,3.519285458171656,4.91229140454695,100.0
6.140129305387994,36.622793112180446,0.021816348251545437,6.749941567525452,94.57526068298621
6.385361823183787,39.88624901974323,0.8347654437359936,6.107316324092685,90.00910883107879
1.2860641360773126,43.17944548698632,3.5652302531715936,4.5626591575420985,100.0
5.368948401881456,25.866052046386336,3.331927067891032,6.916782911289545,100.0
6.391407197460278,29.982897895232703,4.830237525643386,9.524437902055812,100.0
2.909646043616756,23.810400333260436,3.805188951253915,4.240354714304167,100.0
3.2309187713925716,44.81208755395938,4.75386353865669,5.7487654809627635,100.0
4.527409957255472,43.17502419810738,3.512702507674035,5.245245617234221,100.0
0.24085437333271642,33.498928257013986,1.4902610431972159,5.428879921994178,100.0
3.8649499869981394,41.050832359410535,0.5268246112542824,9.45060731127625,100.0
2.5373760839585358,33.02394943180106,3.909119316724678,6.8084143254057405,100.0
3.9299682261349758,35.589642200068994,3.2207461073795796,6.797796477638913,100.0
1.4371455818310146,22.228110802900417,0.24093006196648115,8.563453854731694,100.0
10.68632736887874,38.8817605124202,1.8002523295048918,4.926953224029555,76.12120459240344
7.123109442648584,23.19283709088087,4.783999077421431,6.9235921246003045,100.0
8.149227829733874,40.65169075631321,2.5020057285510062,6.579911284726358,100.0
9.470054863288059,39.55070219175965,2.163645680098523,7.581464143279937,97.8163697529478
5.981306387148687,37.71861744357441,2.28849802579647,9.997346219502631,100.0
1.0430434570490843,20.904009513119053,1.0444136200258187,8.616693364492281,100.0
6.445278501822573,27.578208898633214,1.8435358543239762,6.387194218104563,100.0
7.04209341625055,26.577814247771073,1.849066279935883,8.965318313644282,100.0
8.945273690211959,29.003410186787978,0.261775100937362,5.0242501798748815,81.11018098537522
5.179914554756152,22.191068669095962,3.8378381425895913,4.182782117853761,100.0
1.5309636335467651,43.42394557577657,2.082522159519395,5.2266902347856385,100.0
3.4053108695846936,33.845056017809405,4.110899434082117,6.042469336685558,100.0
4.356987556783621,27.638107766450588,4.251740005599477,7.063484544757359,100.0
7.751006895979215,29.924537926857084,1.0599702734932903,7.690774843247199,100.0
6.849339656026943,31.18006351262089,3.2867674108506426,9.46363430328653,100.0
4.273160710774155,35.01485833401543,2.3614090208149086,7.059124057302746,100.0
11.838182985515756,32.89198569241245,4.400783689607425,7.007653867754376,100.0
7.269297832282646,42.98479933036043,1.0787033958822705,4.301458058937893,75.96354045108282
2.8467215008319338,32.424087072645754,3.389066001550221,4.209469315937342,100.0
1.221389671444845,44.80395037058282,3.038760611263613,7.306959771498232,100.0
1.8343096702119843,41.28562394362739,1.476507387859164,6.6290716794900675,100.0
2.9514927406140976,25.212762858933395,0.6830045182558631,9.035082369881792,100.0
1.928176479114668,43.264880366097906,3.258198802386383,4.964077508271071,100.0
2.238804288615669,22.909159947136903,3.6929872906616534,4.149829972702298,100.0
3.421142024326165,40.43624271227979,1.5781367188167499,6.694232607580755,100.0
2.080483143537058,29.515582336914502,3.224163020111569,5.424871340513545,100.0
10.761185095517103,41.94935801112673,1.9756545380575163,4.297686240033025,72.89423355577252
0.9628049479397065,41.701417252686255,3.5660344164130886,8.347589721085773,100.0
6.294136674843056,40.14813500294053,0.9960763744702655,4.669557999743485,84.04825013294938
4.924761923875938,39.750760907676536,4.451075013180872,7.64991700004663,100.0
11.788543402903276,27.61697847745102,1.4370479823278988,5.686298501001335,74.1274022100099
1.3444668260166281,22.022982076281306,1.8389299387807645,5.040976302130132,100.0
4.774267188548899,30.07450446912904,0.2904597604017489,6.278509137515905,100.0
11.633645199304427,24.338112874662716,0.557561061606382,8.808674657337722,97.63902669379029
10.386085510727764,37.37377722256154,2.5793095135616406,6.352561461427436,95.15053584675769
9.80486485139136,28.65249316344464,1.3379633836398575,8.504617895266335,98.3856770997776
3.094833924539278,44.39025502149787,4.177401128710972,4.752917780794904,100.0
2.05065104868079,36.024301933633296,0.07346694327476921,8.636628517990474,100.0
8.023718639093172,40.56201409085902,1.8954702433596808,5.421599949439892,86.8331499333037
11.152511869531029,23.31311681854621,1.6867277338454634,8.064358779333237,100.0
6.681154716167157,41.550362056815565,0.09663815458800518,7.394689329045978,81.12497690714105
6.859352273638798,43.068929762834856,0.6218419950025511,9.574868303270124,100.0
3.35974912392341,32.17654797047339,2.068213374593176,6.323935107851884,100.0
9.233915198303244,35.15632344377444,2.4643229222372334,4.396991133006643,95.75659380513338
2.2445249826902804,39.120245022574885,2.0214487362743454,4.114932913307517,100.0
3.884150836850924,24.370965681510313,2.654688392060469,8.961151365836518,100.0
5.105237263397001,32.56415191158606,2.9756583745284075,7.148413825968593,100.0
6.09132454421346,29.966575694307828,0.04961910563917815,8.651464311009695,100.0
2.908916788980963,23.659349804056227,2.3204757972675196,5.406553600069088,100.0
1.3780418968704424,29.188360557288284,4.8174962044379415,6.070502473079403,100.0
7.327440509299591,21.70430773463734,2.5951614006477435,4.180623233267914,100.0
3.4635666388830693,20.645297673737176,3.387711337294766,9.768953947444672,100.0
6.974858657071348,23.379157228870568,1.559319289584416,8.00720744020488,100.0
1.8523525832904277,44.07787778972934,3.8699568907638127,9.599230526555838,100.0
5.77368122225781,33.738238397375426,3.8646074093805756,5.592978444574434,100.0
6.39107319061903,44.1455540288305,2.6064802382706946,7.668781667353965,100.0
0.6218824418691229,30.8124469582533,4.880069116396068,8.070999809755827,100.0
4.0392513383270465,27.79540332713149,0.6277510738132669,5.905298201545531,100.0
1.612976123267691,32.6535465710061,0.08473832444790497,9.08865541009378,100.0
0.7604996456732129,30.98779221582275,3.8507910587854797,9.682968777401488,100.0
11.879522788679342,22.6416171065436,4.035777686824413,9.309130706176026,100.0
3.8682461396966756,36.02065786725515,0.6010361456028812,8.434401855636235,100.0
9.718493350255619,25.40095456273999,1.3279141647930304,5.664788078349725,88.96735261725914
3.055687857165166,35.48969887244574,0.08776181683314455,5.689696252633791,100.0
8.178032666687152,36.25502730995383,1.4665430539028235,9.780161922676228,100.0
9.122734318676239,23.800621328216202,3.8657093695933575,4.061706975614152,100.0
7.147664887294131,21.533740677766705,2.5898026385628947,8.296299839452868,100.0
5.6589142626019004,39.519039651711,1.7404779658414404,8.237476975331573,100.0
4.942090969767222,31.495010594233005,1.8586964745316514,7.736137245698785,100.0
4.186419198515944,21.454094887636895,0.006768128577340771,9.940653076521194,100.0
11.15434973097391,44.87165792924418,1.4990026378261794,5.871276614582351,61.3183782294003
9.967432893452749,21.444514024909164,3.2322937081896526,6.039831182759489,100.0
11.58032292799815,37.37588072146383,4.870972219081786,4.473636417679334,100.0
1.4915666818265367,44.59197313158534,4.235304134919497,6.656788819262425,100.0
8.77040970244373,25.97950260539814,0.11797482322764563,5.566291157409088,85.39467651197711
11.260085481852453,23.556234217179906,4.492803023374197,6.060320213065865,100.0
2.174796793987922,23.034623485560722,3.91599206649313,9.007430741533767,100.0
0.7979552084013299,27.58187868918989,3.901880617854902,9.612907081164973,100.0
8.893447791480709,22.526145275266167,2.2899787950178574,5.1143984320311136,100.0
6.893677358158943,37.304033542353295,1.990026464772514,6.2350535893207955,95.08414434377738
10.101945321099265,21.557294953251567,1.514578644165963,9.571783372692364,100.0
1.677268519515474,32.73555320374474,0.3284742947718289,4.370850764135335,100.0
9.543207742318682,44.91742134632442,1.1411768174684955,4.554163168668271,69.23057850769442
2.4195278405729344,40.34925673765047,1.2330181748901232,4.976745935237377,98.78637637907323
1.963871314388454,35.38048595577527,2.420385348551008,7.5712770047612485,100.0
1.9711895751719153,27.656340519665292,3.7372220329834698,4.902833626035985,100.0
9.774896642776586,35.59739590729096,2.3690491419897333,9.8084582887044,100.0
7.982366648354402,33.17603659779129,0.28922224723580303,6.680287163551122,91.67007637173752
6.276785097229432,30.65208459725929,4.78894900494102,7.0091077621009985,100.0
4.30596580948203,23.267759418504987,4.713621595470562,5.4799516948324385,100.0
10.5264064897573,42.16510538101167,3.925947715742042,6.825761514608401,94.05113621504772
4.709341289071625,31.24461622053306,4.9566395078211025,7.971481795822069,100.0
9.799193273658926,24.865562795519125,2.7224116640013145,8.507062821724256,100.0
5.2696189028426215,29.19398377193224,4.813841751266031,8.523208496259478,100.0
4.523333153098891,30.353243813223173,0.37802520308375387,7.46734667616453,100.0
5.552157428035278,40.688447389171856,1.8284037413068566,9.426158649963144,100.0
3.616534489969705,38.34035951403505,1.126906340033829,8.904447083836656,100.0
8.971312562115013,39.23262234103349,0.9791654206713502,8.542288688191753,90.63331876225982
6.032644681109749,20.27578161071618,0.7040147444633804,4.333633130082764,97.89478822173076
2.7865523417618077,30.40384995449404,3.1120682078299833,4.041267773317896,100.0
10.794894879294821,32.03360379088309,3.9066092787365254,5.274683663172838,99.71864288691286
4.6066946564785365,20.47980692057642,2.891491997101803,7.981141563480714,100.0
6.522634333367863,26.495330218625856,0.7348135479410484,6.467184933295275,100.0
10.877665331574564,39.00724557805337,4.055618849667354,6.41443755579587,100.0
7.490855950967905,23.427742643224978,3.1797735358186423,9.307521329377682,100.0
1.4027764885003688,33.382753286314795,1.9408285306349775,9.373377088791033,100.0
11.277985483361702,25.38004680043094,3.370651477680315,9.455051584321515,100.0
7.532496636857014,20.30301936609733,1.2995248962141641,5.883268459090164,97.67277211368645
4.0188673758850335,26.030036439988535,1.7259610424710525,8.14633487643557,100.0
1.671264871960647,44.39684387275135,4.587429215659951,5.629799087646218,100.0
9.528302271243552,40.03842779707474,1.452522528357102,5.143658998446699,73.33887392954452
7.440873071142162,43.989416108025836,2.349941340789683,5.107794744084215,85.34952586228924
6.401533103715858,32.19635109815906,4.450705686980073,6.052645725181565,100.0
10.72671099661149,22.74340496693759,3.538606751337637,6.5797457186789305,100.0
9.46316653469437,33.698987224342325,0.31101613082351376,8.985695026330411,94.76541467984552
1.8200985567930141,31.359433363999024,0.7365152213948517,4.719346560836272,100.0
3.7406648135465788,41.1089270684904,0.03920795385958409,8.409555084369366,100.0
2.981869677773589,22.452064519606115,3.154608951145817,7.188729485135832,100.0
8.927355510872124,32.20602842554445,2.2383671270520917,5.727672056055955,100.0
0.4023892168293526,23.751216617349606,0.6713742545113777,6.956917507196947,100.0
6.838676218455799,28.1168981722515,4.7896706052838525,5.799652418662136,100.0
9.149504228888286,38.433926934694995,2.6482986197280995,7.576491731429836,100.0
10.521187641140994,31.900453234219164,1.209466470564446,6.603063537131465,83.92165622432196
4.10498098459089,29.397207128644233,2.5030178557735376,4.986433174473272,100.0
9.855087656064153,29.861906964250885,3.398101663675539,4.6994984473341805,100.0
1.3275808434624867,31.486169210149665,0.3811960898678224,7.280174092432781,100.0
10.157427500814219,39.62541359592642,1.37351907523946,9.414478199716621,96.25630258303538
1.529863947983789,42.30211722350586,4.034827454419968,6.0637461193461135,100.0
4.767447486724407,43.883367162598205,2.298324352013306,8.398000643335738,100.0
9.567544389354644,39.67258465638238,2.7328857101614745,7.951968129638602,100.0
1.7990091281852854,27.88517239370032,2.1640800110473464,9.589329485856886,100.0
2.751016742791698,37.20336765216355,0.2194997132150256,8.925886103794845,100.0
8.667030820716796,30.9400781013848,0.8287488991007796,7.399631553432778,97.95197458032015
8.640438438552891,26.36676555115128,2.2277081937094545,7.942182989404644,100.0
7.693771594623568,41.021789485648064,1.0459273270396392,9.39031879950421,96.25633282175329
8.3273813336052,20.960658724058124,0.24989514329839368,6.397112707521609,91.10041166648121
6.512693320171154,42.54404980338559,4.218248320259119,5.960768235146665,100.0
3.021588706883433,31.53693661561835,4.905962645820579,4.064866501811178,100.0
4.148351922047033,35.93003692020701,3.965714369983697,8.959306445148785,100.0
2.179172601617108,36.48384805514456,4.268924608523335,8.80588420242019,100.0
10.90140673600354,42.37794351766341,1.209885651585227,4.6267271086009085,51.39599302382851
7.000701537193446,35.91674205418018,4.8031348775659986,7.461144286796202,100.0
4.810217001163679,35.34833961900154,0.9846285222671419,6.783890189001324,100.0
5.544069643729593,21.66630101401725,4.7571490518091615,4.712254573054668,100.0
11.367400075341784,32.9602005486301,4.974096469829755,9.883409362364342,100.0
1.8402168373929624,23.75422502042604,3.5586140287302435,5.288175324780132,100.0
7.034757984201567,38.43584421803714,4.90571865895911,4.403405080543367,100.0
6.070664146613591,32.80554802031686,2.847698897835518,7.5690842770114575,100.0
7.3374508252157735,37.00569448020883,1.2977089158804516,8.433200062798196,100.0
0.2173222058500861,21.041822515059607,2.1849794283281043,4.194660676283122,100.0
10.465486907329819,22.11980040114508,2.96780467689393,7.952305832362133,100.0
11.185419389803348,37.908084701567056,0.36540781013507495,7.193751255708727,67.88441121654084
6.781598203070507,21.802108399966833,3.1117163230862306,4.61959005325029,100.0
8.359809886522708,21.781418194131465,4.905889183811473,5.035143261678172,100.0
11.069992574127548,20.302711880872188,0.9505382489186381,7.407845783896483,89.99713892792231
8.486863611760784,43.912534957487004,3.9629755814419165,5.77814568107973,100.0
1.8304685149711362,38.43770898647517,4.539493968898097,9.629894371907897,100.0
6.915460322001758,28.831285212551606,4.718507964101104,8.912441376904304,100.0
7.280580556594271,27.41338953219138,4.8006780220272365,9.90140323908198,100.0
5.089568055628632,28.742580743646236,2.6072981936073596,5.558025033702484,100.0
8.837330827496674,39.36633827952954,4.886539539957519,9.818341796787863,100.0
11.212404177228178,36.53426527676036,3.7865510356721943,6.587403218749348,100.0
11.106822154881316,24.629889196686698,0.8083571811848095,6.085112771882528,84.79060303557678
5.410072456849585,24.35273338335211,2.38450053233985,4.3020971618161195,100.0
1.358856550089063,22.45989124283493,3.59165587686002,4.316591547157616,100.0
11.818094387548015,36.50756799253345,1.2367015790954166,8.152067535679928,92.60568909138348
10.066777037351208,39.1093165555434,3.203075917744437,6.747573966604167,100.0
1.4959521744392021,26.6261607081251,3.333002395233096,5.3591297562166345,100.0
11.050102591408468,20.523624025772822,0.8134987190428294,7.683821837951395,85.79223472086366
10.438756344745538,22.054291686910684,2.8254265622637815,5.517148709500667,100.0
6.226056685512866,44.196500871125764,3.8581345548930384,7.465790526066535,100.0
7.095305228939151,27.386119436935505,2.4944783226797096,6.155252481896142,100.0
4.788032446441563,39.23057869595334,0.06051558388053713,8.941313359670914,100.0
0.657139665864376,35.61658922135659,0.04519234539646089,8.924176964600676,100.0
4.022366899750811,29.548490991322396,1.785146719850061,6.864102388734408,100.0
9.634241383176137,25.14218155488888,4.63097034215891,6.104914656010093,100.0
0.055584276055234305,23.03466045398516,1.143383898018044,6.175358779354568,100.0
4.00199006029373,35.37532420097166,3.171818444358436,8.834287154009306,100.0
4.778024323091319,39.3658445159447,1.1103793534666029,5.969076896785672,100.0
6.448747235255075,36.097606338528266,1.608349948297743,5.254356242241077,100.0
11.038267396953126,33.25755333122896,4.24021044800742,4.508130051251841,95.87639425414082
4.156151932391535,21.048780585790908,3.6443072113497346,6.80015872530645,100.0
4.163438422754732,44.212219439859595,0.47699638656605314,6.892792593519051,88.79402176367759
8.850014977316981,39.96785479136436,2.143510104932168,9.045452262417443,100.0
5.426615290677686,27.32055091752412,0.14584881822632234,5.327432178676384,95.90102021389872
2.6952578752797836,44.49925823397126,2.404450733015045,6.2859476420104,100.0
5.42927419359232,35.047039740908055,3.31217005850534,8.850434433362146,100.0
1.6902842445575983,34.56056645518116,0.5925131179907578,8.94174166449384,100.0
2.1166438380746797,38.7018294857383,1.4444246945458283,6.307666455872609,100.0
5.980413272873757,40.29424470225344,1.9891831275107847,6.754744139720085,98.59180205100037
5.0271053940545745,36.41196518328756,4.597655123280249,5.819715345095697,100.0
10.978150812817201,23.202393659155,4.96627507711482,9.595329270515872,100.0
4.348726789399597,28.45668764986246,0.22455649497807928,4.711862594449482,100.0
6.967060203336521,43.20209100815124,3.80503961747696,9.60249653800882,100.0
7.5871714550343645,25.615390296096297,1.858620332011716,8.103198711012059,100.0
0.15713347906000363,29.304175595937835,1.9622909311474002,7.189432916120387,100.0
7.962448464200527,30.8019220736049,3.7713248667351134,4.195954364706975,100.0
2.136431602437017,30.985124742361304,4.5921321607270436,6.8535771509320496,100.0
11.532843809633462,35.323489562363136,4.754642972512742,6.446488630016393,100.0
1.7839527330373555,43.576895943617686,2.885612930191604,4.967312871850735,100.0
4.975489484724285,26.017317795812623,1.785605796502514,7.938457621003941,100.0
1.0241960169437263,23.03753440752295,3.937745429293896,9.826905444209714,100.0
11.962491022151369,24.936762246498432,1.2550069163115012,7.3731328663871505,92.56611475353058
6.0263401239749115,42.17312250523174,2.8203701441675886,8.288519658663674,100.0
7.144620207840525,36.14527031638015,1.7928923076243657,4.4107027153961,89.96464253582234
0.8049177286611298,27.147669730979004,3.2831553685393806,6.506001974901968,100.0
8.999525644790133,40.39867347421543,1.2019945644675345,4.698150910986975,78.28103263180031
2.518867117147029,41.5342499090859,0.9579647286741289,7.676775013219062,100.0
10.776651473288565,41.16285846725695,4.591195433377186,9.630892949284927,100.0
2.461675685784086,42.97316334098886,0.5090184147476845,7.970666394829831,100.0
2.288252647963999,26.306025504334038,2.5297895386746583,4.460818289886529,100.0
0.43859601417713856,38.87604821865696,1.1042639148150446,6.127997229910497,100.0
5.664803341319991,31.5134874318535,0.19464981662833725,7.30398027664511,100.0
6.778093599151397,41.04996382225154,0.18009409145713196,6.4192465367995135,81.55257283300048
0.7885036731402284,38.212266929040325,0.8761088605291367,9.001864062851034,100.0
9.306331400340127,39.41118616249312,4.333851772530001,8.888026028259935,100.0
5.439466016976331,36.404045942026784,1.4123937198851333,7.670986120619329,100.0
6.29268323193096,24.43571923674267,4.752295852876479,6.240747670796232,100.0
5.289152963258738,33.62567297242346,2.908111464945968,5.532018242579465,100.0
4.809156730503911,44.616743488112704,2.1830709488438305,4.635245909278776,92.08519823632663
6.715683975698615,43.43470166242797,2.900444173347273,6.129386100919325,100.0
1.86288295116855,21.079343394925292,2.5834919261313387,6.479035103246317,100.0
2.1831375659432535,24.12037039323593,3.7938812687866257,8.054937550624441,100.0
10.341427452162208,23.293219336364047,1.4124803298642612,7.94895894578544,98.25667887610321
11.353385545603594,38.14949774963239,1.765251958001512,4.4206488378475415,68.54033758776491
4.479711795357035,40.44463324642363,4.470471512666253,6.371555892586946,100.0
3.2489360777226453,25.337784157766798,4.732282565752027,5.0906732033041715,100.0
7.727994518868189,32.64631732379573,4.462791137432372,4.940876231900834,100.0
4.904810053177156,41.01757570028,2.097239969786568,8.963812898423475,100.0
0.30463626792413834,38.320038619156264,3.9018275150344084,4.251491300297545,100.0
1.8738311683942843,33.55593013729621,2.381678666505494,6.515097255412728,100.0
8.59166674616877,34.75869226146932,2.487699260730511,5.009221934599109,93.15917218257371
7.907087302921816,32.709013672907,1.0234005452864197,9.275981294070844,100.0
0.3251519100418019,27.438711282970516,2.9556515162925825,7.342243079650211,100.0
2.6636659431953933,34.1255498214754,0.9306794887667397,5.388283818261089,100.0
2.7728975590568568,37.222132551252265,1.6578234953359687,7.0145637229982585,100.0
8.06271292318474,41.83307289652019,4.275151008099676,8.388918158218695,100.0
0.23652645305236986,35.9072838494812,1.0353790460542762,9.748708053516602,100.0
1.2493029838148861,39.02803842607895,0.35579142586716406,5.322676025472513,100.0
9.598993024478272,24.001790873864323,0.3450379630640815,9.317090632776072,93.96143373507746
2.1425359446520034,31.538936860494747,4.703922602515539,9.605824685004942,100.0
7.832953294222497,20.233290495677334,2.5346021898091733,9.498523267192397,100.0
2.8581933725607183,26.166971613040577,2.0470603590850915,7.812486141171459,100.0
1.193296713112142,38.16154287782512,4.054392905039592,7.778923926608246,100.0
2.918066291993449,44.79524878373408,4.17912963955258,6.419263799102937,100.0
8.66720318226791,22.479452489680398,1.660955165578023,8.514387293822727,100.0
10.268357617275429,30.037357896532207,3.4680902873689763,7.187764110105592,100.0
9.962638374803898,40.00177421747899,3.855614079259433,8.064628427369767,100.0
4.766202355421457,25.10089086572247,3.2732534343297726,6.570747423092772,100.0
8.017021638847755,33.87712373255715,0.7579753740004969,8.388978784258835,100.0
2.4598115449898517,38.32678240074187,4.379415417585285,8.946829105627295,100.0
3.517772763132159,35.39963625650448,2.6954727636800433,4.878617539616897,100.0
10.756029822253437,24.700618365385402,1.4123621318500184,8.997578293445368,100.0
0.15602308212883242,28.884614217143486,2.1261409271884695,7.241779190741843,100.0
1.026102370253617,39.59479461213493,0.1878554519945369,9.067995454541347,100.0
2.494635061752328,33.855662853300416,0.6393340061120878,6.587810238046088,100.0
0.3183864464858366,20.130740338572817,3.827733752579304,6.27424291229821,100.0
2.1772252210775678,39.02476900070235,5.817377683070557e-05,9.490364395103335,100.0
6.996498731636306,20.88278387350598,2.0828291424114607,5.507015605290408,100.0
5.057094607109976,38.6433445682808,2.612550905427942,9.065273951716858,100.0
10.712060532923697,25.062014004130937,0.2731721000048615,6.904123435056425,85.22262653057568
9.80932274086129,43.951837002984504,4.865390814861664,7.084572655307558,100.0
4.101808220374512,29.198518782552114,1.1306266562483596,5.850809688936904,100.0
3.11308120117551,28.173290408451976,1.5209935981814042,7.438253203714094,100.0
4.556308898007202,23.722201258311117,1.5197125612751368,5.951267177657268,100.0
7.083539310177693,27.64010538725537,1.1520833105867494,4.235616485449913,88.69495126958758
3.216763689874515,41.916269045705015,0.00736911043155708,5.6319916320661365,100.0
7.489786894189608,44.908358440681184,3.646723970439982,4.038274260439544,100.0
4.912939826294885,29.207738262671207,4.834227498996427,9.87012872234114,100.0
6.624566170223763,31.215265773863564,1.1214674164252254,9.794483258918484,100.0
5.2335183496238,38.05177345506843,3.3152359590171123,6.3709317848338305,100.0
3.533589114503012,42.154894511626864,3.7094816347935753,8.370225126037877,100.0
11.38143968354588,34.8261083546696,4.242126895452624,6.074836590462549,100.0
9.16326952991713,29.788142454445733,2.1131459850680456,8.026558942515855,100.0
1.6813581091974306,30.315546021215596,1.5146545282021462,8.832580258275875,100.0
10.421615710774955,37.39045366242017,1.6264756701151555,9.680537468153444,98.22717713411805
5.849174378994164,20.080456590106966,3.563106665492564,6.4012736550980325,100.0
10.734626722729097,35.48973343649602,4.08389733252818,8.699787897736286,100.0
9.598263071367782,28.887325261033936,0.9080698387830133,5.5955707037927125,81.6889129158656
5.102562053630802,39.8549332819271,1.8547050407888261,9.94199382276189,100.0
0.2696316998414088,22.324765995578304,4.50970098374575,4.154617592586106,100.0
3.224128312619353,34.70505667370976,4.033467598473696,7.621172839006726,100.0
6.499610575930403,32.024322247153094,4.924292013812379,7.957035889907963,100.0
7.601738637913767,36.058138147630686,3.771241298410404,8.128273342444773,100.0
3.0946522251984274,21.62133986207421,1.9659760051396113,4.722325472734534,100.0
1.6722728888738896,34.499594685703286,2.953189169973189,9.631178700838783,100.0
10.019162841591589,34.03711469898809,3.3050712712366015,5.087099674300497,97.41647235415842
11.812826168442626,34.016502360404274,0.39227908158561975,7.736520419439047,69.03165758454496
6.30828218763223,35.08719166491137,2.7224847955193257,5.33605647473851,100.0
2.060151430179642,36.91169843065906,3.546604142363048,5.843298502127626,100.0
3.2676879182324274,40.12472499201924,0.8366065200053019,7.278751250368746,100.0
0.2206881185696008,26.74551800320536,3.903158587127786,6.503160511387459,100.0
10.971585678725988,40.62623525450155,2.9188639025705583,4.9613536058590375,78.35146719639711
1.4130129946816936,32.45639205658634,4.761108928487973,5.0256184145250895,100.0
6.918197706171043,21.926456978358278,0.21211149103445848,6.508868728976798,97.12499624205891
3.288662648246472,21.46377323109948,1.3266306877773348,8.543697869653005,100.0
6.650136030189521,28.355957967401523,3.0077693964991203,9.38778788108673,100.0
7.81704466022237,39.62242442778669,1.4827995610296534,4.504765973556297,76.14306844194479
9.95690164448642,37.6920233685229,3.572120820356211,6.358623445356407,100.0
2.4770552611272385,39.71537411681016,3.795026412609655,4.60147338233726,100.0
0.13194994390176573,32.93172641104023,0.5125798203323723,4.099554883795587,100.0
1.6426275608256873,31.004974948887266,2.5692723210338384,7.97031209586374,100.0
10.800223702177261,23.686313167657097,2.5444527779552795,7.614696651799527,100.0
10.486680930750182,28.20481884023279,1.8464038510777052,4.978114682889317,86.24517590305764
7.1689572260437,30.85048415434688,4.66462431284836,5.402876998558384,100.0
7.20620232520384,22.21501074199043,4.137531599366106,4.1422465218671105,100.0
7.980440094555066,25.51529881778028,3.486046909548184,9.009683234166422,100.0
2.104455343481395,34.95563235159347,3.571633178674988,9.848143576291308,100.0
10.972943351099516,38.39157785597975,2.3085807190655956,4.812757220768145,75.00644125878982
5.025246298704877,44.95868778482374,4.604972605482879,5.388851282591789,100.0
4.5976623389939695,43.327833283588944,3.472977136266427,9.210457143681605,100.0
6.2270124633940505,36.06412998837979,3.6449053082790823,9.558782787737108,100.0
0.5635916013006605,30.5312013323518,4.308454518936726,6.517764296840862,100.0
1.995400425072953,35.90443411770582,1.370357946710955,4.3037348336144445,100.0
8.856403397116445,39.6412904520058,4.035354519333515,4.236351002156916,93.161941910617
0.9935840151015176,22.958404773084684,0.9762030147824602,7.443699196414062,100.0
7.237825313596659,30.247622242407207,1.726709761224439,6.357370653359074,100.0
2.9441893161758514,40.99505714089043,1.6780522713492134,4.1719145654659275,100.0
4.6715473685037185,29.5958237983261,4.892627341945703,7.499514353875341,100.0
3.4643248412483985,34.29680678067966,4.282686118739634,4.067815219534134,100.0
4.26807259757939,34.694234021554955,3.5058493079512987,8.724231748895637,100.0
8.628550862210947,24.611906328340986,3.6352838080769505,5.838596936220229,100.0
3.5654605874781002,29.05588604130721,2.8103639720128553,4.241548018055393,100.0
6.796855683562766,28.362782218548304,4.735453335542595,7.53011332589892,100.0
5.712604826389196,20.65491771330162,2.4812937644118076,6.386106486598328,100.0
7.964053984351778,20.604794097283882,1.9025885493494727,9.842802480142897,100.0
11.241956871897095,40.79242609189434,0.815176684657955,7.265191975022213,80.75655753059729
8.790865166523004,26.82677024932031,3.93102826130529,5.651435086222049,100.0
2.579284543089081,32.95196915597039,3.6722196603779573,8.25663318780385,100.0
0.37419762073541607,27.468139339719325,1.9217751926206743,5.628952015256268,100.0
3.147168531597901,43.51698112788351,0.1259670697961468,9.425459748445391,100.0
7.1409351684030575,26.482418971644343,4.194986638590054,6.248331823044259,100.0
0.6171097618110042,30.741420318473377,0.05708991727036816,7.299211376657231,100.0
5.956394966414836,41.81825626211504,3.5184988981452547,4.303438622945373,100.0
7.16211418700267,41.04833916979521,4.851285548630285,6.556727427713385,100.0
4.010926689803529,24.652535446156932,2.1883066407410174,8.99418123796597,100.0
9.250946444949863,40.06608274489276,1.174867024979764,8.833892832180052,94.61846873602659
1.2791790376052616,31.454672168447317,3.5243550502169088,5.345911353121157,100.0
0.9016533808297051,32.07422180213388,4.085640710077926,5.356474426063376,100.0
8.738265074443241,23.336999310398596,2.7321515803892367,8.90383187327942,100.0
5.9458957944743815,22.015037843928116,4.835176376280731,9.582390521015952,100.0
8.260828757132833,38.198482674344135,0.2583436082898055,4.572165527638021,63.347083135629525
5.217928063244955,32.411528808882494,2.523977991522641,6.700351836557352,100.0
2.9568243988692817,30.921267565379488,3.5922697366127503,6.024725673785374,100.0
9.829227812090396,38.23770571630992,4.3132023557458945,9.224130732744637,100.0
9.592990547627751,39.13782247477774,0.8962780595389502,4.501149488080113,66.79183944829987
8.33635765025312,23.97270419173384,4.000017408818407,5.266755655348224,100.0
3.2657416467595524,35.255628736941034,2.763535378592726,8.514810025518965,100.0
7.082768002429045,23.38385205694214,1.982768409949816,4.307763093887294,100.0
4.331686763280322,38.784377150726144,0.6585751428954678,6.955212284285736,100.0
1.0989848799196098,36.42387890667849,4.326478794544562,6.65264220807832,100.0
11.007762905546914,43.91536552708645,0.7863660408985768,6.0064070739324915,68.89234691862366
1.6418235710275368,21.72395040891053,1.5489392960454962,6.367433891913542,100.0
11.40284824584963,21.426368028781358,1.4502276598121844,7.179643521581397,96.01893639514223
5.352069275495468,27.054676867330002,4.357070170954271,4.9682041503302985,100.0
